[{"model": "admin.logentry", "pk": 1, "fields": {"action_time": "2020-10-04T00:43:34.447Z", "user": 1, "content_type": 7, "object_id": "1", "object_repr": "Topic object (1)", "action_flag": 1, "change_message": "[{\"added\": {}}]"}}, {"model": "admin.logentry", "pk": 2, "fields": {"action_time": "2020-10-04T00:43:44.785Z", "user": 1, "content_type": 7, "object_id": "2", "object_repr": "Topic object (2)", "action_flag": 1, "change_message": "[{\"added\": {}}]"}}, {"model": "admin.logentry", "pk": 3, "fields": {"action_time": "2020-10-04T00:43:49.707Z", "user": 1, "content_type": 7, "object_id": "3", "object_repr": "Topic object (3)", "action_flag": 1, "change_message": "[{\"added\": {}}]"}}, {"model": "admin.logentry", "pk": 4, "fields": {"action_time": "2020-10-04T00:44:06.247Z", "user": 1, "content_type": 7, "object_id": "4", "object_repr": "Topic object (4)", "action_flag": 1, "change_message": "[{\"added\": {}}]"}}, {"model": "admin.logentry", "pk": 5, "fields": {"action_time": "2020-10-04T00:44:12.256Z", "user": 1, "content_type": 7, "object_id": "5", "object_repr": "Topic object (5)", "action_flag": 1, "change_message": "[{\"added\": {}}]"}}, {"model": "admin.logentry", "pk": 6, "fields": {"action_time": "2020-10-04T00:45:04.356Z", "user": 1, "content_type": 8, "object_id": "1", "object_repr": "Course object (1)", "action_flag": 1, "change_message": "[{\"added\": {}}]"}}, {"model": "admin.logentry", "pk": 7, "fields": {"action_time": "2020-10-04T00:45:20.615Z", "user": 1, "content_type": 8, "object_id": "2", "object_repr": "Course object (2)", "action_flag": 1, "change_message": "[{\"added\": {}}]"}}, {"model": "admin.logentry", "pk": 8, "fields": {"action_time": "2020-10-04T00:45:38.924Z", "user": 1, "content_type": 8, "object_id": "3", "object_repr": "Course object (3)", "action_flag": 1, "change_message": "[{\"added\": {}}]"}}, {"model": "admin.logentry", "pk": 9, "fields": {"action_time": "2020-10-04T00:45:56.457Z", "user": 1, "content_type": 8, "object_id": "4", "object_repr": "Course object (4)", "action_flag": 1, "change_message": "[{\"added\": {}}]"}}, {"model": "admin.logentry", "pk": 10, "fields": {"action_time": "2020-10-04T00:46:18.007Z", "user": 1, "content_type": 8, "object_id": "5", "object_repr": "Course object (5)", "action_flag": 1, "change_message": "[{\"added\": {}}]"}}, {"model": "admin.logentry", "pk": 11, "fields": {"action_time": "2020-10-04T00:46:37.508Z", "user": 1, "content_type": 8, "object_id": "6", "object_repr": "Course object (6)", "action_flag": 1, "change_message": "[{\"added\": {}}]"}}, {"model": "admin.logentry", "pk": 12, "fields": {"action_time": "2020-10-04T00:46:59.668Z", "user": 1, "content_type": 8, "object_id": "7", "object_repr": "Course object (7)", "action_flag": 1, "change_message": "[{\"added\": {}}]"}}, {"model": "admin.logentry", "pk": 13, "fields": {"action_time": "2020-10-04T00:47:16.622Z", "user": 1, "content_type": 8, "object_id": "8", "object_repr": "Course object (8)", "action_flag": 1, "change_message": "[{\"added\": {}}]"}}, {"model": "admin.logentry", "pk": 14, "fields": {"action_time": "2020-10-04T00:47:36.143Z", "user": 1, "content_type": 8, "object_id": "9", "object_repr": "Course object (9)", "action_flag": 1, "change_message": "[{\"added\": {}}]"}}, {"model": "admin.logentry", "pk": 15, "fields": {"action_time": "2020-10-04T00:47:51.513Z", "user": 1, "content_type": 8, "object_id": "10", "object_repr": "Course object (10)", "action_flag": 1, "change_message": "[{\"added\": {}}]"}}, {"model": "admin.logentry", "pk": 16, "fields": {"action_time": "2020-10-04T00:48:07.175Z", "user": 1, "content_type": 8, "object_id": "11", "object_repr": "Course object (11)", "action_flag": 1, "change_message": "[{\"added\": {}}]"}}, {"model": "admin.logentry", "pk": 17, "fields": {"action_time": "2020-10-04T00:48:25.406Z", "user": 1, "content_type": 8, "object_id": "12", "object_repr": "Course object (12)", "action_flag": 1, "change_message": "[{\"added\": {}}]"}}, {"model": "admin.logentry", "pk": 18, "fields": {"action_time": "2020-10-04T00:48:42.646Z", "user": 1, "content_type": 8, "object_id": "13", "object_repr": "Course object (13)", "action_flag": 1, "change_message": "[{\"added\": {}}]"}}, {"model": "admin.logentry", "pk": 19, "fields": {"action_time": "2020-10-04T00:48:58.163Z", "user": 1, "content_type": 8, "object_id": "14", "object_repr": "Course object (14)", "action_flag": 1, "change_message": "[{\"added\": {}}]"}}, {"model": "admin.logentry", "pk": 20, "fields": {"action_time": "2020-10-04T00:49:14.179Z", "user": 1, "content_type": 8, "object_id": "15", "object_repr": "Course object (15)", "action_flag": 1, "change_message": "[{\"added\": {}}]"}}, {"model": "admin.logentry", "pk": 21, "fields": {"action_time": "2020-10-04T00:49:28.063Z", "user": 1, "content_type": 8, "object_id": "16", "object_repr": "Course object (16)", "action_flag": 1, "change_message": "[{\"added\": {}}]"}}, {"model": "admin.logentry", "pk": 22, "fields": {"action_time": "2020-10-04T00:49:40.220Z", "user": 1, "content_type": 8, "object_id": "17", "object_repr": "Course object (17)", "action_flag": 1, "change_message": "[{\"added\": {}}]"}}, {"model": "admin.logentry", "pk": 23, "fields": {"action_time": "2020-10-11T00:05:35.934Z", "user": 1, "content_type": 7, "object_id": "1", "object_repr": "Topic object (1)", "action_flag": 2, "change_message": "[{\"changed\": {\"fields\": [\"Length\"]}}]"}}, {"model": "admin.logentry", "pk": 24, "fields": {"action_time": "2020-10-11T00:05:41.353Z", "user": 1, "content_type": 7, "object_id": "2", "object_repr": "Topic object (2)", "action_flag": 2, "change_message": "[]"}}, {"model": "admin.logentry", "pk": 25, "fields": {"action_time": "2020-10-11T00:05:47.369Z", "user": 1, "content_type": 7, "object_id": "3", "object_repr": "Topic object (3)", "action_flag": 2, "change_message": "[{\"changed\": {\"fields\": [\"Length\"]}}]"}}, {"model": "admin.logentry", "pk": 26, "fields": {"action_time": "2020-10-11T00:05:58.362Z", "user": 1, "content_type": 7, "object_id": "4", "object_repr": "Topic object (4)", "action_flag": 2, "change_message": "[{\"changed\": {\"fields\": [\"Length\"]}}]"}}, {"model": "admin.logentry", "pk": 27, "fields": {"action_time": "2020-10-11T00:06:01.157Z", "user": 1, "content_type": 7, "object_id": "5", "object_repr": "Topic object (5)", "action_flag": 2, "change_message": "[]"}}, {"model": "admin.logentry", "pk": 28, "fields": {"action_time": "2020-10-11T00:20:33.778Z", "user": 1, "content_type": 9, "object_id": "2", "object_repr": "john", "action_flag": 1, "change_message": "[{\"added\": {}}]"}}, {"model": "admin.logentry", "pk": 29, "fields": {"action_time": "2020-10-11T00:21:42.900Z", "user": 1, "content_type": 9, "object_id": "3", "object_repr": "mary", "action_flag": 1, "change_message": "[{\"added\": {}}]"}}, {"model": "admin.logentry", "pk": 30, "fields": {"action_time": "2020-10-11T00:22:42.743Z", "user": 1, "content_type": 9, "object_id": "4", "object_repr": "alan", "action_flag": 1, "change_message": "[{\"added\": {}}]"}}, {"model": "admin.logentry", "pk": 31, "fields": {"action_time": "2020-10-11T00:23:31.102Z", "user": 1, "content_type": 9, "object_id": "5", "object_repr": "josh", "action_flag": 1, "change_message": "[{\"added\": {}}]"}}, {"model": "admin.logentry", "pk": 32, "fields": {"action_time": "2020-10-11T00:24:06.766Z", "user": 1, "content_type": 9, "object_id": "6", "object_repr": "chris", "action_flag": 1, "change_message": "[{\"added\": {}}]"}}, {"model": "admin.logentry", "pk": 33, "fields": {"action_time": "2020-10-11T00:29:55.918Z", "user": 1, "content_type": 10, "object_id": "1", "object_repr": "Order object (1)", "action_flag": 1, "change_message": "[{\"added\": {}}]"}}, {"model": "admin.logentry", "pk": 34, "fields": {"action_time": "2020-10-11T00:30:06.715Z", "user": 1, "content_type": 10, "object_id": "2", "object_repr": "Order object (2)", "action_flag": 1, "change_message": "[{\"added\": {}}]"}}, {"model": "admin.logentry", "pk": 35, "fields": {"action_time": "2020-10-11T00:30:31.738Z", "user": 1, "content_type": 10, "object_id": "3", "object_repr": "Order object (3)", "action_flag": 1, "change_message": "[{\"added\": {}}]"}}, {"model": "admin.logentry", "pk": 36, "fields": {"action_time": "2020-11-15T21:42:26.836Z", "user": 1, "content_type": 10, "object_id": "5", "object_repr": "5", "action_flag": 3, "change_message": ""}}, {"model": "admin.logentry", "pk": 37, "fields": {"action_time": "2020-11-15T21:42:30.993Z", "user": 1, "content_type": 10, "object_id": "4", "object_repr": "4", "action_flag": 3, "change_message": ""}}, {"model": "admin.logentry", "pk": 38, "fields": {"action_time": "2020-11-15T21:43:41.879Z", "user": 1, "content_type": 10, "object_id": "6", "object_repr": "6", "action_flag": 3, "change_message": ""}}, {"model": "admin.logentry", "pk": 39, "fields": {"action_time": "2020-11-18T02:29:11.068Z", "user": 1, "content_type": 10, "object_id": "8", "object_repr": "Mary Jones Confirmed", "action_flag": 3, "change_message": ""}}, {"model": "admin.logentry", "pk": 40, "fields": {"action_time": "2020-11-18T02:29:14.715Z", "user": 1, "content_type": 10, "object_id": "7", "object_repr": "Mary Jones Confirmed", "action_flag": 3, "change_message": ""}}, {"model": "admin.logentry", "pk": 41, "fields": {"action_time": "2020-11-18T05:27:06.247Z", "user": 1, "content_type": 10, "object_id": "9", "object_repr": "John Smith Confirmed", "action_flag": 3, "change_message": ""}}, {"model": "admin.logentry", "pk": 42, "fields": {"action_time": "2020-11-18T05:28:39.806Z", "user": 1, "content_type": 10, "object_id": "10", "object_repr": "Mary Jones Confirmed", "action_flag": 3, "change_message": ""}}, {"model": "admin.logentry", "pk": 43, "fields": {"action_time": "2020-11-18T05:28:43.037Z", "user": 1, "content_type": 10, "object_id": "11", "object_repr": "Mary Jones CCNA AWS CompTIA Security Confirmed", "action_flag": 3, "change_message": ""}}, {"model": "admin.logentry", "pk": 44, "fields": {"action_time": "2020-11-19T05:54:32.512Z", "user": 1, "content_type": 9, "object_id": "6", "object_repr": "Chris Hall", "action_flag": 2, "change_message": "[]"}}, {"model": "admin.logentry", "pk": 45, "fields": {"action_time": "2020-11-19T06:26:59.065Z", "user": 1, "content_type": 9, "object_id": "4", "object_repr": "Alan George", "action_flag": 2, "change_message": "[]"}}, {"model": "admin.logentry", "pk": 46, "fields": {"action_time": "2020-11-20T04:33:53.417Z", "user": 1, "content_type": 9, "object_id": "8", "object_repr": " ", "action_flag": 3, "change_message": ""}}, {"model": "admin.logentry", "pk": 47, "fields": {"action_time": "2020-11-20T04:33:53.423Z", "user": 1, "content_type": 9, "object_id": "7", "object_repr": " ", "action_flag": 3, "change_message": ""}}, {"model": "admin.logentry", "pk": 48, "fields": {"action_time": "2020-11-20T04:38:03.126Z", "user": 1, "content_type": 9, "object_id": "9", "object_repr": " ", "action_flag": 3, "change_message": ""}}, {"model": "admin.logentry", "pk": 49, "fields": {"action_time": "2020-11-20T04:39:27.311Z", "user": 1, "content_type": 9, "object_id": "10", "object_repr": "asd asd", "action_flag": 3, "change_message": ""}}, {"model": "admin.logentry", "pk": 50, "fields": {"action_time": "2020-12-09T10:19:23.559Z", "user": 1, "content_type": 4, "object_id": "12", "object_repr": "sadfasf", "action_flag": 3, "change_message": ""}}, {"model": "admin.logentry", "pk": 51, "fields": {"action_time": "2020-12-09T21:15:19.397Z", "user": 1, "content_type": 4, "object_id": "13", "object_repr": "this123", "action_flag": 3, "change_message": ""}}, {"model": "admin.logentry", "pk": 52, "fields": {"action_time": "2020-12-09T21:21:16.639Z", "user": 1, "content_type": 4, "object_id": "14", "object_repr": "test142", "action_flag": 3, "change_message": ""}}, {"model": "admin.logentry", "pk": 53, "fields": {"action_time": "2020-12-09T21:24:50.119Z", "user": 1, "content_type": 4, "object_id": "15", "object_repr": "test142", "action_flag": 3, "change_message": ""}}, {"model": "auth.permission", "pk": 1, "fields": {"name": "Can add log entry", "content_type": 1, "codename": "add_logentry"}}, {"model": "auth.permission", "pk": 2, "fields": {"name": "Can change log entry", "content_type": 1, "codename": "change_logentry"}}, {"model": "auth.permission", "pk": 3, "fields": {"name": "Can delete log entry", "content_type": 1, "codename": "delete_logentry"}}, {"model": "auth.permission", "pk": 4, "fields": {"name": "Can view log entry", "content_type": 1, "codename": "view_logentry"}}, {"model": "auth.permission", "pk": 5, "fields": {"name": "Can add permission", "content_type": 2, "codename": "add_permission"}}, {"model": "auth.permission", "pk": 6, "fields": {"name": "Can change permission", "content_type": 2, "codename": "change_permission"}}, {"model": "auth.permission", "pk": 7, "fields": {"name": "Can delete permission", "content_type": 2, "codename": "delete_permission"}}, {"model": "auth.permission", "pk": 8, "fields": {"name": "Can view permission", "content_type": 2, "codename": "view_permission"}}, {"model": "auth.permission", "pk": 9, "fields": {"name": "Can add group", "content_type": 3, "codename": "add_group"}}, {"model": "auth.permission", "pk": 10, "fields": {"name": "Can change group", "content_type": 3, "codename": "change_group"}}, {"model": "auth.permission", "pk": 11, "fields": {"name": "Can delete group", "content_type": 3, "codename": "delete_group"}}, {"model": "auth.permission", "pk": 12, "fields": {"name": "Can view group", "content_type": 3, "codename": "view_group"}}, {"model": "auth.permission", "pk": 13, "fields": {"name": "Can add user", "content_type": 4, "codename": "add_user"}}, {"model": "auth.permission", "pk": 14, "fields": {"name": "Can change user", "content_type": 4, "codename": "change_user"}}, {"model": "auth.permission", "pk": 15, "fields": {"name": "Can delete user", "content_type": 4, "codename": "delete_user"}}, {"model": "auth.permission", "pk": 16, "fields": {"name": "Can view user", "content_type": 4, "codename": "view_user"}}, {"model": "auth.permission", "pk": 17, "fields": {"name": "Can add content type", "content_type": 5, "codename": "add_contenttype"}}, {"model": "auth.permission", "pk": 18, "fields": {"name": "Can change content type", "content_type": 5, "codename": "change_contenttype"}}, {"model": "auth.permission", "pk": 19, "fields": {"name": "Can delete content type", "content_type": 5, "codename": "delete_contenttype"}}, {"model": "auth.permission", "pk": 20, "fields": {"name": "Can view content type", "content_type": 5, "codename": "view_contenttype"}}, {"model": "auth.permission", "pk": 21, "fields": {"name": "Can add session", "content_type": 6, "codename": "add_session"}}, {"model": "auth.permission", "pk": 22, "fields": {"name": "Can change session", "content_type": 6, "codename": "change_session"}}, {"model": "auth.permission", "pk": 23, "fields": {"name": "Can delete session", "content_type": 6, "codename": "delete_session"}}, {"model": "auth.permission", "pk": 24, "fields": {"name": "Can view session", "content_type": 6, "codename": "view_session"}}, {"model": "auth.permission", "pk": 25, "fields": {"name": "Can add topic", "content_type": 7, "codename": "add_topic"}}, {"model": "auth.permission", "pk": 26, "fields": {"name": "Can change topic", "content_type": 7, "codename": "change_topic"}}, {"model": "auth.permission", "pk": 27, "fields": {"name": "Can delete topic", "content_type": 7, "codename": "delete_topic"}}, {"model": "auth.permission", "pk": 28, "fields": {"name": "Can view topic", "content_type": 7, "codename": "view_topic"}}, {"model": "auth.permission", "pk": 29, "fields": {"name": "Can add course", "content_type": 8, "codename": "add_course"}}, {"model": "auth.permission", "pk": 30, "fields": {"name": "Can change course", "content_type": 8, "codename": "change_course"}}, {"model": "auth.permission", "pk": 31, "fields": {"name": "Can delete course", "content_type": 8, "codename": "delete_course"}}, {"model": "auth.permission", "pk": 32, "fields": {"name": "Can view course", "content_type": 8, "codename": "view_course"}}, {"model": "auth.permission", "pk": 33, "fields": {"name": "Can add user", "content_type": 9, "codename": "add_student"}}, {"model": "auth.permission", "pk": 34, "fields": {"name": "Can change user", "content_type": 9, "codename": "change_student"}}, {"model": "auth.permission", "pk": 35, "fields": {"name": "Can delete user", "content_type": 9, "codename": "delete_student"}}, {"model": "auth.permission", "pk": 36, "fields": {"name": "Can view user", "content_type": 9, "codename": "view_student"}}, {"model": "auth.permission", "pk": 37, "fields": {"name": "Can add order", "content_type": 10, "codename": "add_order"}}, {"model": "auth.permission", "pk": 38, "fields": {"name": "Can change order", "content_type": 10, "codename": "change_order"}}, {"model": "auth.permission", "pk": 39, "fields": {"name": "Can delete order", "content_type": 10, "codename": "delete_order"}}, {"model": "auth.permission", "pk": 40, "fields": {"name": "Can view order", "content_type": 10, "codename": "view_order"}}, {"model": "auth.permission", "pk": 41, "fields": {"name": "Can add review", "content_type": 11, "codename": "add_review"}}, {"model": "auth.permission", "pk": 42, "fields": {"name": "Can change review", "content_type": 11, "codename": "change_review"}}, {"model": "auth.permission", "pk": 43, "fields": {"name": "Can delete review", "content_type": 11, "codename": "delete_review"}}, {"model": "auth.permission", "pk": 44, "fields": {"name": "Can view review", "content_type": 11, "codename": "view_review"}}, {"model": "auth.user", "pk": 1, "fields": {"password": "pbkdf2_sha256$216000$qEsz0ilm4gRv$4rzi26EVKNcH4pFN2wQXvOKzOLW0EMvbd0KIfYxSNao=", "last_login": "2020-12-11T17:48:28.834Z", "is_superuser": true, "username": "usr", "first_name": "", "last_name": "", "email": "", "is_staff": true, "is_active": true, "date_joined": "2020-10-04T00:41:49.443Z", "groups": [], "user_permissions": []}}, {"model": "auth.user", "pk": 2, "fields": {"password": "1234", "last_login": null, "is_superuser": false, "username": "john", "first_name": "John", "last_name": "Smith", "email": "", "is_staff": false, "is_active": true, "date_joined": "2020-10-11T00:19:34Z", "groups": [], "user_permissions": []}}, {"model": "auth.user", "pk": 3, "fields": {"password": "1234", "last_login": null, "is_superuser": false, "username": "mary", "first_name": "Mary", "last_name": "Jones", "email": "", "is_staff": false, "is_active": true, "date_joined": "2020-10-11T00:20:37Z", "groups": [], "user_permissions": []}}, {"model": "auth.user", "pk": 4, "fields": {"password": "1234", "last_login": null, "is_superuser": false, "username": "alan", "first_name": "Alan", "last_name": "George", "email": "", "is_staff": false, "is_active": true, "date_joined": "2020-10-11T00:21:45Z", "groups": [], "user_permissions": []}}, {"model": "auth.user", "pk": 5, "fields": {"password": "1234", "last_login": null, "is_superuser": false, "username": "josh", "first_name": "Josh", "last_name": "Jones", "email": "", "is_staff": false, "is_active": true, "date_joined": "2020-10-11T00:22:44Z", "groups": [], "user_permissions": []}}, {"model": "auth.user", "pk": 6, "fields": {"password": "1234", "last_login": null, "is_superuser": false, "username": "chris", "first_name": "Chris", "last_name": "Hall", "email": "", "is_staff": false, "is_active": true, "date_joined": "2020-10-11T00:23:32Z", "groups": [], "user_permissions": []}}, {"model": "auth.user", "pk": 11, "fields": {"password": "test123", "last_login": null, "is_superuser": false, "username": "user", "first_name": "name", "last_name": "last", "email": "test@email.com", "is_staff": false, "is_active": true, "date_joined": "2020-12-09T07:00:37.159Z", "groups": [], "user_permissions": []}}, {"model": "auth.user", "pk": 16, "fields": {"password": "pbkdf2_sha256$216000$7zzxfoKjXQ1q$tD0z3e0KF3Tcb4i+RRtSZ4wBJTgiuDlGKTD1dSlPF+U=", "last_login": "2020-12-09T21:24:57.182Z", "is_superuser": false, "username": "test142", "first_name": "fdasfa", "last_name": "fdsa", "email": "test@email.com", "is_staff": false, "is_active": true, "date_joined": "2020-12-09T21:24:56.595Z", "groups": [], "user_permissions": []}}, {"model": "auth.user", "pk": 17, "fields": {"password": "pbkdf2_sha256$216000$5pDl75iM7s4i$24PviwZwIBJtZX/ikgTKHRO5Vr6poKIld5ZQRbFSFsQ=", "last_login": "2020-12-11T18:16:48.789Z", "is_superuser": false, "username": "Sam", "first_name": "Sam", "last_name": "Time", "email": "sam@time.com", "is_staff": false, "is_active": true, "date_joined": "2020-12-11T13:54:14.050Z", "groups": [], "user_permissions": []}}, {"model": "contenttypes.contenttype", "pk": 1, "fields": {"app_label": "admin", "model": "logentry"}}, {"model": "contenttypes.contenttype", "pk": 2, "fields": {"app_label": "auth", "model": "permission"}}, {"model": "contenttypes.contenttype", "pk": 3, "fields": {"app_label": "auth", "model": "group"}}, {"model": "contenttypes.contenttype", "pk": 4, "fields": {"app_label": "auth", "model": "user"}}, {"model": "contenttypes.contenttype", "pk": 5, "fields": {"app_label": "contenttypes", "model": "contenttype"}}, {"model": "contenttypes.contenttype", "pk": 6, "fields": {"app_label": "sessions", "model": "session"}}, {"model": "contenttypes.contenttype", "pk": 7, "fields": {"app_label": "myapp", "model": "topic"}}, {"model": "contenttypes.contenttype", "pk": 8, "fields": {"app_label": "myapp", "model": "course"}}, {"model": "contenttypes.contenttype", "pk": 9, "fields": {"app_label": "myapp", "model": "student"}}, {"model": "contenttypes.contenttype", "pk": 10, "fields": {"app_label": "myapp", "model": "order"}}, {"model": "contenttypes.contenttype", "pk": 11, "fields": {"app_label": "myapp", "model": "review"}}, {"model": "sessions.session", "pk": "430dvefi59ayc488815jkd92aw6fceye", "fields": {"session_data": ".eJx1j0FuwyAQRa8SsU7QDNRgvOy-Z0ADg2NaCyLjSImi3L1OlUWzyCz_-_9JcxOezuvkzy0tPrMYBIr9_yxQ_EnlAfibyrHKWMu65CAfFfmkTX5VTvPns_simKhN2xocxV6FyJa510YHBdqh0s6MODqkDjBGo3s22ylmcIk6coGswhFMv0lnaquf6zGXzadAwQHxoGAHH4O2A4LEzqLV74j7-6yl1nItPl1OebmKQRuA-y97O051:1kfyAY:r8GOWM8EBZZVO3ejJAImXGS6s3iy98z_3tTNmyn4n_k", "expire_date": "2020-11-20T05:37:10.157Z"}}, {"model": "sessions.session", "pk": "5t1894b0kli1xi1i9x9zvf24cnm74dlk", "fields": {"session_data": ".eJxVjc0OwiAQhN-Fs2n4SSn06N1nIAtLLWrAdKnRGN9dmvSgc5z5ZubNHKx1divFxSVkIxPs8Ot5CNeYtwAvkM-lCyXXJfluQ7o9pe5UMN6OO_s3MAPNrc0tBCN9wAHRKK285MoKqayexGQF9FyEoJVB3SQRuY3Qg_UwSDFxbdoo-LJW90iUKrFRyHZDkSiV7OLznpYXGxXnny-aNUU4:1kfne7:ErWmbR1GsmYw-UjK_f4nuLZP8uJ2sBgplyOBF1okwAM", "expire_date": "2020-11-19T17:27:59.285Z"}}, {"model": "sessions.session", "pk": "9j03r2kkhm1twhjre5fbxw4fgnacs82n", "fields": {"session_data": ".eJxVjMEOwiAQRP-FsyEspBQ8evcbyLILUjWQlPbU-O-2SQ86x3lvZhMB16WEtac5TCyuAsTlt4tIr1QPwE-sjyap1WWeojwUedIu743T-3a6fwcFe9nXyiM5HYlHZmesiVoZD9p4myF7wEEBkTWO7R7NrHzCAX3EUUNW1onPF9amN28:1kUdoS:3_X_SD0TPXB74jgmYBCSTyg5-xDDpPF-W2JuSzZfC3g", "expire_date": "2020-11-02T22:39:32.863Z"}}, {"model": "sessions.session", "pk": "al7rercsexf5egek03tr6iyhs8pbqglw", "fields": {"session_data": ".eJx1jsFuwyAQRH-l4pyghcW1zbH3fgNawxLTWlAZXLWK8u-xpRzSQ6_zZp7mKhxtbXZb5dWlIKxQvTg9hxP5T84HCR-UL0X6ktuaJnlU5INW-V4CL2-P7h_BTHXe1zSBRupBD4QGANFj7GMYpxG1ChE5diaSiZ5MQIMds1GB4tD5IbD2sEsXqs0t5ZLy7tOg4az0WakXpa0ZLYzyFRA68y_B41jlWlPJjn--0vorLAKc9nNla-471dSqsOp2B1G0VYA:1knmYT:FbQeFYKT-Ha8xfuwyI1Y68PEBhK9fA65u-NWpJEmFTo", "expire_date": "2020-12-11T17:55:09.875Z"}}, {"model": "sessions.session", "pk": "digf6fdph1eni5ipaf6cyomf1z2qsnie", "fields": {"session_data": "e30:1kfnoA:SFIs3YT4bqMw5T1ljJ4EdCS39aDbBZAHtGdjDUkbeqw", "expire_date": "2020-12-03T17:33:22.189Z"}}, {"model": "sessions.session", "pk": "rj89svkfl9zmpvh2f7gr9v8gdylxt653", "fields": {"session_data": ".eJxVjMEOwiAQRP-FsyEspBQ8evcbyLILUjWQlPbU-O-2SQ86x3lvZhMB16WEtac5TCyuAsTlt4tIr1QPwE-sjyap1WWeojwUedIu743T-3a6fwcFe9nXyiM5HYlHZmesiVoZD9p4myF7wEEBkTWO7R7NrHzCAX3EUUNW1onPF9amN28:1keMlM:Qe5vyIcAO_JSXQCstKpa64O1cSSSGA2nAhbWMH1hSm4", "expire_date": "2020-11-29T18:28:32.381Z"}}, {"model": "sessions.session", "pk": "tv779u41tbf33qthfhnz9ao4sgcfa8ua", "fields": {"session_data": ".eJxVjMEOwiAQRP-FsyEspBQ8evcbyLILUjWQlPbU-O-2SQ86x3lvZhMB16WEtac5TCyuAsTlt4tIr1QPwE-sjyap1WWeojwUedIu743T-3a6fwcFe9nXyiM5HYlHZmesiVoZD9p4myF7wEEBkTWO7R7NrHzCAX3EUUNW1onPF9amN28:1kd59K:4ZhDwQCNzFMjoD-Md4EdFkOk-V2yRi-9lnWhhEXr5cQ", "expire_date": "2020-11-26T05:27:58.739Z"}}, {"model": "sessions.session", "pk": "vey16mwbookv1p6h6z3x6ec3ps9o7cfq", "fields": {"session_data": ".eJxVjMEOwiAQRP-FsyEspBQ8evcbyLILUjWQlPbU-O-2SQ86x3lvZhMB16WEtac5TCyuAsTlt4tIr1QPwE-sjyap1WWeojwUedIu743T-3a6fwcFe9nXyiM5HYlHZmesiVoZD9p4myF7wEEBkTWO7R7NrHzCAX3EUUNW1onPF9amN28:1kOs6K:Ov_W6427YWQ7BVED5dlPR6W657eASm3emkFbRVAH5WM", "expire_date": "2020-10-18T00:42:08.161Z"}}, {"model": "sessions.session", "pk": "yilsr9djqm4zy5cm4i5mxat36q8vogsc", "fields": {"session_data": ".eJx1jkFOxDAMRa-CsmYi22nTpkv2nCFy4nQaqJJR05FAiLvTSrOABV7-9_-Tv5Tn-774e0ubz6Imher5dxY4vqdyAnnjcq061rJvOeizoh-06dcqaX15dP8IFm7LsQbHcaQQZRAZjTWBwDgk4-yMs0PuAWO0ZhR7HImAS9yzCzwQzmDHQ7py2_1ar7kcPgKCC-IF3RMOU-emzuieEGn4j3Td-VhLreVafPq45e1TTcYCfP8AgZVOkg:1kfo3z:Nid-UYcgq4rD9q2bfshjhiLYv3TNchv1lmNRfmaptmY", "expire_date": "2020-11-19T18:49:43.521Z"}}, {"model": "sessions.session", "pk": "yq3e09nhb7m2lch80a7d2lj4f98onkzl", "fields": {"session_data": ".eJx1jkFuxCAMRa9Sse4g2zQMZNl9z4AMJhPaCKqQkToa9e5NpFm0i3r53_9PvqvA120O157XUESNCtXz7yxy-sj1APLO9dJ0anVbS9RHRT9o129N8vL66P4RzNznfQ2ek6OY5CzijDWRwHgk4-2Ek0ceAFOyxondj0TAZx7YRz4TTmDdLl24b2Fpl1J3HwHBCemE-IQwvgwjOY1EMJh_CR2P9dx7aTXkr8-y3tRoLMD3D3mhTmo:1knkbo:HKz9p70UNPkJY1K3CvdxJvCZwmhM35HOA8C-410MkGM", "expire_date": "2020-12-11T16:45:28.123Z"}}, {"model": "myapp.topic", "pk": 1, "fields": {"name": "Web Development", "length": 10}}, {"model": "myapp.topic", "pk": 2, "fields": {"name": "Management", "length": 12}}, {"model": "myapp.topic", "pk": 3, "fields": {"name": "IT Certification", "length": 14}}, {"model": "myapp.topic", "pk": 4, "fields": {"name": "Sports", "length": 8}}, {"model": "myapp.topic", "pk": 5, "fields": {"name": "Economics", "length": 12}}, {"model": "myapp.course", "pk": 1, "fields": {"title": "CCNA", "topic": 3, "price": "199.99", "for_everyone": false, "optional": "", "num_reviews": 2}}, {"model": "myapp.course", "pk": 2, "fields": {"title": "AWS", "topic": 3, "price": "119.99", "for_everyone": true, "optional": "", "num_reviews": 0}}, {"model": "myapp.course", "pk": 3, "fields": {"title": "CompTIA Security", "topic": 3, "price": "139.99", "for_everyone": false, "optional": "", "num_reviews": 1}}, {"model": "myapp.course", "pk": 4, "fields": {"title": "Oracle SQL", "topic": 3, "price": "159.99", "for_everyone": false, "optional": "", "num_reviews": 0}}, {"model": "myapp.course", "pk": 5, "fields": {"title": "Microeconomics", "topic": 5, "price": "199.99", "for_everyone": false, "optional": "", "num_reviews": 0}}, {"model": "myapp.course", "pk": 6, "fields": {"title": "Introduction to Economics", "topic": 5, "price": "174.99", "for_everyone": true, "optional": "", "num_reviews": 0}}, {"model": "myapp.course", "pk": 7, "fields": {"title": "Global Economics", "topic": 5, "price": "149.99", "for_everyone": true, "optional": "", "num_reviews": 0}}, {"model": "myapp.course", "pk": 8, "fields": {"title": "Web Dev Bootcamp", "topic": 1, "price": "159.99", "for_everyone": false, "optional": "", "num_reviews": 0}}, {"model": "myapp.course", "pk": 9, "fields": {"title": "Web Design", "topic": 1, "price": "159.99", "for_everyone": false, "optional": "", "num_reviews": 0}}, {"model": "myapp.course", "pk": 10, "fields": {"title": "Web Development Mastercalss", "topic": 1, "price": "124.99", "for_everyone": true, "optional": "", "num_reviews": 0}}, {"model": "myapp.course", "pk": 11, "fields": {"title": "Build Responsive Websites", "topic": 1, "price": "149.99", "for_everyone": false, "optional": "", "num_reviews": 0}}, {"model": "myapp.course", "pk": 12, "fields": {"title": "Innovation for Business", "topic": 2, "price": "174.99", "for_everyone": true, "optional": "", "num_reviews": 0}}, {"model": "myapp.course", "pk": 13, "fields": {"title": "Leadership Skills", "topic": 2, "price": "184.99", "for_everyone": true, "optional": "", "num_reviews": 0}}, {"model": "myapp.course", "pk": 14, "fields": {"title": "Project Management", "topic": 2, "price": "149.99", "for_everyone": true, "optional": "", "num_reviews": 0}}, {"model": "myapp.course", "pk": 15, "fields": {"title": "Sports Psychology", "topic": 4, "price": "174.99", "for_everyone": true, "optional": "", "num_reviews": 0}}, {"model": "myapp.course", "pk": 16, "fields": {"title": "Introduction to Soccer", "topic": 4, "price": "134.99", "for_everyone": true, "optional": "", "num_reviews": 0}}, {"model": "myapp.course", "pk": 17, "fields": {"title": "Swimming Guide for Beginners", "topic": 4, "price": "99.99", "for_everyone": true, "optional": "", "num_reviews": 0}}, {"model": "myapp.student", "pk": 2, "fields": {"level": "HS", "address": "123 University Avenue", "province": "ON", "registered_courses": [4, 8], "interested_in": [1, 2, 3]}}, {"model": "myapp.student", "pk": 3, "fields": {"level": "UG", "address": "235 Sunset Avenue", "province": "BC", "registered_courses": [1, 2, 3], "interested_in": [2, 5]}}, {"model": "myapp.student", "pk": 4, "fields": {"level": "ND", "address": "306 Prince Street", "province": "AB", "registered_courses": [2], "interested_in": [2, 3, 4]}}, {"model": "myapp.student", "pk": 5, "fields": {"level": "PG", "address": "442 Sunset Avenue", "province": "QC", "registered_courses": [], "interested_in": [3, 4, 5]}}, {"model": "myapp.student", "pk": 6, "fields": {"level": "HS", "address": "987 King Street", "province": "ON", "registered_courses": [5, 11], "interested_in": [1]}}, {"model": "myapp.student", "pk": 11, "fields": {"level": "HS", "address": "", "province": "ON", "registered_courses": [], "interested_in": [1]}}, {"model": "myapp.student", "pk": 16, "fields": {"level": "HS", "address": "", "province": "ON", "registered_courses": [], "interested_in": [1]}}, {"model": "myapp.student", "pk": 17, "fields": {"level": "HS", "address": "", "province": "ON", "registered_courses": [2], "interested_in": [1]}}, {"model": "myapp.order", "pk": 1, "fields": {"student": 2, "order_status": 1, "order_date": "2020-10-11", "courses": [4, 8]}}, {"model": "myapp.order", "pk": 2, "fields": {"student": 4, "order_status": 1, "order_date": "2020-10-11", "courses": [2]}}, {"model": "myapp.order", "pk": 3, "fields": {"student": 6, "order_status": 1, "order_date": "2020-10-11", "courses": [5, 11]}}, {"model": "myapp.order", "pk": 12, "fields": {"student": 17, "order_status": 1, "order_date": "2020-12-11", "courses": [2]}}, {"model": "myapp.review", "pk": 1, "fields": {"reviewer": "awdawd@mail.com", "course": 3, "rating": 3, "comments": "awdawd", "date": "2020-11-18"}}, {"model": "myapp.review", "pk": 2, "fields": {"reviewer": "adawd@mail.com", "course": 1, "rating": 2, "comments": "assad", "date": "2020-11-18"}}, {"model": "myapp.review", "pk": 3, "fields": {"reviewer": "awdaw@mail.com", "course": 1, "rating": 2, "comments": "AWdawd", "date": "2020-11-18"}}]